title,score,url,num_comments,created_utc
Last 2 months I have been humbled by the data engineering landscape,243,https://www.reddit.com/r/dataengineering/comments/1kk0xxg/last_2_months_i_have_been_humbled_by_the_data/,68,1746969836.0
We benchmarked 19 popular LLMs on SQL generation with a 200M row dataset,150,https://www.reddit.com/r/dataengineering/comments/1khsiwd/we_benchmarked_19_popular_llms_on_sql_generation/,20,1746717092.0
Is actual Data Science work a scam from the corporate world?,141,https://www.reddit.com/r/dataengineering/comments/1khga20/is_actual_data_science_work_a_scam_from_the/,63,1746674083.0
Databricks Data Engineer Associate,129,https://www.reddit.com/r/dataengineering/comments/1kij4aj/databricks_data_engineer_associate/,55,1746798990.0
"Be honest, what did you really want to do when you grew up?",129,https://www.reddit.com/r/dataengineering/comments/1kg6uut/be_honest_what_did_you_really_want_to_do_when_you/,161,1746544117.0
AI is NEVER going to take your job.,108,https://dataengineeringcentral.substack.com/p/ai-is-never-going-to-take-your-job,71,1746737977.0
What are your ETL data cleaning/standardisation rules?,88,https://www.reddit.com/r/dataengineering/comments/1kjo6uj/what_are_your_etl_data_cleaningstandardisation/,29,1746922421.0
Do we hate our jobs for the same reasons?,72,https://www.reddit.com/r/dataengineering/comments/1kimfzi/do_we_hate_our_jobs_for_the_same_reasons/,23,1746807337.0
ETL vs ELT vs Reverse ETL: making sense of data integration,62,https://www.reddit.com/gallery/1kintwk,32,1746810753.0
What term is used in your company for Data Cleansing ?,46,https://www.reddit.com/r/dataengineering/comments/1kfx25v/what_term_is_used_in_your_company_for_data/,39,1746509855.0
HTAP is dead,42,https://www.mooncake.dev/blog/htap-is-dead,14,1746488524.0
For those who have worked both in data engineering and software engineering....,40,https://www.reddit.com/r/dataengineering/comments/1kkip1h/for_those_who_have_worked_both_in_data/,17,1747020029.0
